dataset,study,n_estimators,max_depth,test_accuracy,oob_accuracy
breast_cancer,n_estimators,1,,0.9210526315789473,0.9135802469135802
breast_cancer,n_estimators,2,,0.8771929824561403,0.9034749034749034
breast_cancer,n_estimators,3,,0.9385964912280702,0.8952095808383234
breast_cancer,n_estimators,4,,0.9473684210526315,0.9088541666666666
breast_cancer,n_estimators,5,,0.9473684210526315,0.9132530120481928
breast_cancer,n_estimators,6,,0.9473684210526315,0.9184149184149184
breast_cancer,n_estimators,7,,0.956140350877193,0.9225512528473804
breast_cancer,n_estimators,8,,0.956140350877193,0.9308035714285714
breast_cancer,n_estimators,9,,0.956140350877193,0.9444444444444444
breast_cancer,n_estimators,10,,0.9385964912280702,0.9579646017699115
breast_cancer,n_estimators,11,,0.9473684210526315,0.9558498896247241
breast_cancer,n_estimators,12,,0.9473684210526315,0.9514348785871964
breast_cancer,n_estimators,13,,0.9473684210526315,0.9514348785871964
breast_cancer,n_estimators,14,,0.9473684210526315,0.9493392070484582
breast_cancer,n_estimators,15,,0.9385964912280702,0.9427312775330396
breast_cancer,n_estimators,16,,0.9473684210526315,0.9472527472527472
breast_cancer,n_estimators,17,,0.9473684210526315,0.9472527472527472
breast_cancer,n_estimators,18,,0.9385964912280702,0.9538461538461539
breast_cancer,n_estimators,19,,0.9473684210526315,0.9516483516483516
breast_cancer,n_estimators,20,,0.9473684210526315,0.9560439560439561
breast_cancer,n_estimators,21,,0.9473684210526315,0.9604395604395605
breast_cancer,n_estimators,22,,0.9385964912280702,0.9582417582417583
breast_cancer,n_estimators,23,,0.9385964912280702,0.9604395604395605
breast_cancer,n_estimators,24,,0.9385964912280702,0.9604395604395605
breast_cancer,n_estimators,25,,0.9385964912280702,0.9560439560439561
breast_cancer,n_estimators,26,,0.9385964912280702,0.9560439560439561
breast_cancer,n_estimators,27,,0.9385964912280702,0.9582417582417583
breast_cancer,n_estimators,28,,0.9385964912280702,0.9582417582417583
breast_cancer,n_estimators,29,,0.9385964912280702,0.9582417582417583
breast_cancer,n_estimators,30,,0.9385964912280702,0.9582417582417583
breast_cancer,n_estimators,31,,0.9385964912280702,0.9582417582417583
breast_cancer,n_estimators,32,,0.9385964912280702,0.9582417582417583
breast_cancer,n_estimators,33,,0.9385964912280702,0.9582417582417583
breast_cancer,n_estimators,34,,0.9385964912280702,0.9560439560439561
breast_cancer,n_estimators,35,,0.9385964912280702,0.9560439560439561
breast_cancer,n_estimators,36,,0.9385964912280702,0.9560439560439561
breast_cancer,n_estimators,37,,0.9385964912280702,0.9582417582417583
breast_cancer,n_estimators,38,,0.9385964912280702,0.9560439560439561
breast_cancer,n_estimators,39,,0.9385964912280702,0.9560439560439561
breast_cancer,n_estimators,40,,0.9385964912280702,0.9560439560439561
breast_cancer,n_estimators,41,,0.9385964912280702,0.9538461538461539
breast_cancer,n_estimators,42,,0.9385964912280702,0.9538461538461539
breast_cancer,n_estimators,43,,0.9385964912280702,0.9560439560439561
breast_cancer,n_estimators,44,,0.9385964912280702,0.9560439560439561
breast_cancer,n_estimators,45,,0.9385964912280702,0.9582417582417583
breast_cancer,n_estimators,46,,0.9385964912280702,0.9582417582417583
breast_cancer,n_estimators,47,,0.9385964912280702,0.9582417582417583
breast_cancer,n_estimators,48,,0.9385964912280702,0.9604395604395605
breast_cancer,n_estimators,49,,0.9385964912280702,0.9604395604395605
breast_cancer,n_estimators,50,,0.9385964912280702,0.9626373626373627
breast_cancer,n_estimators,51,,0.9385964912280702,0.9604395604395605
breast_cancer,n_estimators,52,,0.9385964912280702,0.9604395604395605
breast_cancer,n_estimators,53,,0.9385964912280702,0.9582417582417583
breast_cancer,n_estimators,54,,0.9385964912280702,0.9582417582417583
breast_cancer,n_estimators,55,,0.9385964912280702,0.9604395604395605
breast_cancer,n_estimators,56,,0.9385964912280702,0.9604395604395605
breast_cancer,n_estimators,57,,0.9385964912280702,0.9604395604395605
breast_cancer,n_estimators,58,,0.9385964912280702,0.9582417582417583
breast_cancer,n_estimators,59,,0.9385964912280702,0.9582417582417583
breast_cancer,n_estimators,60,,0.9385964912280702,0.9582417582417583
breast_cancer,n_estimators,61,,0.9385964912280702,0.9560439560439561
breast_cancer,n_estimators,62,,0.9385964912280702,0.9560439560439561
breast_cancer,n_estimators,63,,0.9385964912280702,0.9560439560439561
breast_cancer,n_estimators,64,,0.9385964912280702,0.9560439560439561
breast_cancer,n_estimators,65,,0.9385964912280702,0.9560439560439561
breast_cancer,n_estimators,66,,0.9385964912280702,0.9560439560439561
breast_cancer,n_estimators,67,,0.9385964912280702,0.9560439560439561
breast_cancer,n_estimators,68,,0.9385964912280702,0.9538461538461539
breast_cancer,n_estimators,69,,0.9385964912280702,0.9582417582417583
breast_cancer,n_estimators,70,,0.9385964912280702,0.9582417582417583
breast_cancer,n_estimators,71,,0.9385964912280702,0.9582417582417583
breast_cancer,n_estimators,72,,0.9385964912280702,0.9582417582417583
breast_cancer,n_estimators,73,,0.9473684210526315,0.9582417582417583
breast_cancer,n_estimators,74,,0.9473684210526315,0.9560439560439561
breast_cancer,n_estimators,75,,0.9473684210526315,0.9560439560439561
breast_cancer,n_estimators,76,,0.9473684210526315,0.9560439560439561
breast_cancer,n_estimators,77,,0.9473684210526315,0.9560439560439561
breast_cancer,n_estimators,78,,0.9473684210526315,0.9560439560439561
breast_cancer,n_estimators,79,,0.9473684210526315,0.9538461538461539
breast_cancer,n_estimators,80,,0.9473684210526315,0.9538461538461539
breast_cancer,n_estimators,81,,0.9473684210526315,0.9538461538461539
breast_cancer,n_estimators,82,,0.9473684210526315,0.9560439560439561
breast_cancer,n_estimators,83,,0.9473684210526315,0.9538461538461539
breast_cancer,n_estimators,84,,0.9473684210526315,0.9582417582417583
breast_cancer,n_estimators,85,,0.956140350877193,0.9560439560439561
breast_cancer,n_estimators,86,,0.956140350877193,0.9538461538461539
breast_cancer,n_estimators,87,,0.956140350877193,0.9538461538461539
breast_cancer,n_estimators,88,,0.956140350877193,0.9538461538461539
breast_cancer,n_estimators,89,,0.956140350877193,0.9560439560439561
breast_cancer,n_estimators,90,,0.956140350877193,0.9560439560439561
breast_cancer,n_estimators,91,,0.956140350877193,0.9538461538461539
breast_cancer,n_estimators,92,,0.956140350877193,0.9582417582417583
breast_cancer,n_estimators,93,,0.956140350877193,0.9582417582417583
breast_cancer,n_estimators,94,,0.956140350877193,0.9582417582417583
breast_cancer,n_estimators,95,,0.956140350877193,0.9582417582417583
breast_cancer,n_estimators,96,,0.956140350877193,0.9560439560439561
breast_cancer,n_estimators,97,,0.956140350877193,0.9560439560439561
breast_cancer,n_estimators,98,,0.956140350877193,0.9560439560439561
breast_cancer,n_estimators,99,,0.956140350877193,0.9582417582417583
breast_cancer,n_estimators,100,,0.956140350877193,0.9560439560439561
breast_cancer,n_estimators,101,,0.956140350877193,0.9560439560439561
breast_cancer,n_estimators,102,,0.956140350877193,0.9582417582417583
breast_cancer,n_estimators,103,,0.956140350877193,0.9560439560439561
breast_cancer,n_estimators,104,,0.956140350877193,0.9560439560439561
breast_cancer,n_estimators,105,,0.956140350877193,0.9560439560439561
breast_cancer,n_estimators,106,,0.956140350877193,0.9560439560439561
breast_cancer,n_estimators,107,,0.956140350877193,0.9560439560439561
breast_cancer,n_estimators,108,,0.956140350877193,0.9582417582417583
breast_cancer,n_estimators,109,,0.956140350877193,0.9560439560439561
breast_cancer,n_estimators,110,,0.956140350877193,0.9560439560439561
breast_cancer,n_estimators,111,,0.956140350877193,0.9560439560439561
breast_cancer,n_estimators,112,,0.956140350877193,0.9560439560439561
breast_cancer,n_estimators,113,,0.956140350877193,0.9560439560439561
breast_cancer,n_estimators,114,,0.956140350877193,0.9538461538461539
breast_cancer,n_estimators,115,,0.956140350877193,0.9538461538461539
breast_cancer,n_estimators,116,,0.956140350877193,0.9560439560439561
breast_cancer,n_estimators,117,,0.956140350877193,0.9560439560439561
breast_cancer,n_estimators,118,,0.956140350877193,0.9560439560439561
breast_cancer,n_estimators,119,,0.956140350877193,0.9560439560439561
breast_cancer,n_estimators,120,,0.956140350877193,0.9560439560439561
breast_cancer,n_estimators,121,,0.956140350877193,0.9560439560439561
breast_cancer,n_estimators,122,,0.956140350877193,0.9560439560439561
breast_cancer,n_estimators,123,,0.956140350877193,0.9560439560439561
breast_cancer,n_estimators,124,,0.956140350877193,0.9582417582417583
breast_cancer,n_estimators,125,,0.956140350877193,0.9582417582417583
breast_cancer,n_estimators,126,,0.956140350877193,0.9560439560439561
breast_cancer,n_estimators,127,,0.956140350877193,0.9560439560439561
breast_cancer,n_estimators,128,,0.956140350877193,0.9582417582417583
breast_cancer,n_estimators,129,,0.956140350877193,0.9582417582417583
breast_cancer,n_estimators,130,,0.956140350877193,0.9560439560439561
breast_cancer,n_estimators,131,,0.956140350877193,0.9560439560439561
breast_cancer,n_estimators,132,,0.956140350877193,0.9560439560439561
breast_cancer,n_estimators,133,,0.956140350877193,0.9560439560439561
breast_cancer,n_estimators,134,,0.956140350877193,0.9560439560439561
breast_cancer,n_estimators,135,,0.956140350877193,0.9538461538461539
breast_cancer,n_estimators,136,,0.956140350877193,0.9560439560439561
breast_cancer,n_estimators,137,,0.956140350877193,0.9560439560439561
breast_cancer,n_estimators,138,,0.956140350877193,0.9560439560439561
breast_cancer,n_estimators,139,,0.956140350877193,0.9582417582417583
breast_cancer,n_estimators,140,,0.956140350877193,0.9582417582417583
breast_cancer,n_estimators,141,,0.956140350877193,0.9582417582417583
breast_cancer,n_estimators,142,,0.956140350877193,0.9582417582417583
breast_cancer,n_estimators,143,,0.956140350877193,0.9560439560439561
breast_cancer,n_estimators,144,,0.956140350877193,0.9560439560439561
breast_cancer,n_estimators,145,,0.956140350877193,0.9582417582417583
breast_cancer,n_estimators,146,,0.956140350877193,0.9582417582417583
breast_cancer,n_estimators,147,,0.956140350877193,0.9582417582417583
breast_cancer,n_estimators,148,,0.956140350877193,0.9582417582417583
breast_cancer,n_estimators,149,,0.956140350877193,0.9582417582417583
breast_cancer,n_estimators,150,,0.956140350877193,0.9560439560439561
breast_cancer,n_estimators,151,,0.956140350877193,0.9538461538461539
breast_cancer,n_estimators,152,,0.956140350877193,0.9538461538461539
breast_cancer,n_estimators,153,,0.956140350877193,0.9538461538461539
breast_cancer,n_estimators,154,,0.956140350877193,0.9538461538461539
breast_cancer,n_estimators,155,,0.956140350877193,0.9560439560439561
breast_cancer,n_estimators,156,,0.956140350877193,0.9560439560439561
breast_cancer,n_estimators,157,,0.956140350877193,0.9560439560439561
breast_cancer,n_estimators,158,,0.956140350877193,0.9560439560439561
breast_cancer,n_estimators,159,,0.956140350877193,0.9560439560439561
breast_cancer,n_estimators,160,,0.956140350877193,0.9560439560439561
breast_cancer,n_estimators,161,,0.956140350877193,0.9560439560439561
breast_cancer,n_estimators,162,,0.956140350877193,0.9560439560439561
breast_cancer,n_estimators,163,,0.956140350877193,0.9560439560439561
breast_cancer,n_estimators,164,,0.956140350877193,0.9560439560439561
breast_cancer,n_estimators,165,,0.956140350877193,0.9560439560439561
breast_cancer,n_estimators,166,,0.956140350877193,0.9560439560439561
breast_cancer,n_estimators,167,,0.956140350877193,0.9560439560439561
breast_cancer,n_estimators,168,,0.956140350877193,0.9560439560439561
breast_cancer,n_estimators,169,,0.956140350877193,0.9560439560439561
breast_cancer,n_estimators,170,,0.956140350877193,0.9538461538461539
breast_cancer,n_estimators,171,,0.956140350877193,0.9538461538461539
breast_cancer,n_estimators,172,,0.956140350877193,0.9538461538461539
breast_cancer,n_estimators,173,,0.956140350877193,0.9538461538461539
breast_cancer,n_estimators,174,,0.956140350877193,0.9538461538461539
breast_cancer,n_estimators,175,,0.956140350877193,0.9538461538461539
breast_cancer,n_estimators,176,,0.956140350877193,0.9538461538461539
breast_cancer,n_estimators,177,,0.956140350877193,0.9538461538461539
breast_cancer,n_estimators,178,,0.956140350877193,0.9538461538461539
breast_cancer,n_estimators,179,,0.956140350877193,0.9538461538461539
breast_cancer,n_estimators,180,,0.956140350877193,0.9538461538461539
breast_cancer,n_estimators,181,,0.956140350877193,0.9538461538461539
breast_cancer,n_estimators,182,,0.956140350877193,0.9538461538461539
breast_cancer,n_estimators,183,,0.956140350877193,0.9538461538461539
breast_cancer,n_estimators,184,,0.956140350877193,0.9560439560439561
breast_cancer,n_estimators,185,,0.956140350877193,0.9538461538461539
breast_cancer,n_estimators,186,,0.956140350877193,0.9538461538461539
breast_cancer,n_estimators,187,,0.956140350877193,0.9560439560439561
breast_cancer,n_estimators,188,,0.956140350877193,0.9582417582417583
breast_cancer,n_estimators,189,,0.956140350877193,0.9582417582417583
breast_cancer,n_estimators,190,,0.956140350877193,0.9582417582417583
breast_cancer,n_estimators,191,,0.956140350877193,0.9560439560439561
breast_cancer,n_estimators,192,,0.956140350877193,0.9560439560439561
breast_cancer,n_estimators,193,,0.956140350877193,0.9560439560439561
breast_cancer,n_estimators,194,,0.956140350877193,0.9560439560439561
breast_cancer,n_estimators,195,,0.956140350877193,0.9560439560439561
breast_cancer,n_estimators,196,,0.956140350877193,0.9560439560439561
breast_cancer,n_estimators,197,,0.956140350877193,0.9560439560439561
breast_cancer,n_estimators,198,,0.956140350877193,0.9560439560439561
breast_cancer,n_estimators,199,,0.956140350877193,0.9560439560439561
breast_cancer,n_estimators,200,,0.956140350877193,0.9582417582417583
breast_cancer,max_depth,100,1.0,0.9298245614035088,
breast_cancer,max_depth,100,2.0,0.9473684210526315,
breast_cancer,max_depth,100,3.0,0.956140350877193,
breast_cancer,max_depth,100,4.0,0.9473684210526315,
breast_cancer,max_depth,100,5.0,0.956140350877193,
breast_cancer,max_depth,100,6.0,0.956140350877193,
breast_cancer,max_depth,100,7.0,0.956140350877193,
breast_cancer,max_depth,100,8.0,0.956140350877193,
breast_cancer,max_depth,100,9.0,0.956140350877193,
breast_cancer,max_depth,100,10.0,0.956140350877193,
breast_cancer,max_depth,100,11.0,0.956140350877193,
breast_cancer,max_depth,100,12.0,0.956140350877193,
breast_cancer,max_depth,100,13.0,0.956140350877193,
breast_cancer,max_depth,100,14.0,0.956140350877193,
breast_cancer,max_depth,100,15.0,0.956140350877193,
breast_cancer,max_depth,100,16.0,0.956140350877193,
breast_cancer,max_depth,100,17.0,0.956140350877193,
breast_cancer,max_depth,100,18.0,0.956140350877193,
breast_cancer,max_depth,100,19.0,0.956140350877193,
breast_cancer,max_depth,100,20.0,0.956140350877193,
adult,n_estimators,1,12.0,0.8333333333333334,0.8131743327654741
adult,n_estimators,2,12.0,0.8208333333333333,0.8193103448275862
adult,n_estimators,3,12.0,0.8433333333333334,0.8187361419068736
adult,n_estimators,4,12.0,0.8475,0.8173504695996046
adult,n_estimators,5,12.0,0.8433333333333334,0.8213789912077741
adult,n_estimators,6,12.0,0.8466666666666667,0.8237386085796844
adult,n_estimators,7,12.0,0.8483333333333334,0.8231852654387866
adult,n_estimators,8,12.0,0.845,0.8214667521915758
adult,n_estimators,9,12.0,0.8483333333333334,0.8274476633537746
adult,n_estimators,10,12.0,0.8483333333333334,0.8258675078864354
adult,n_estimators,11,12.0,0.8525,0.8282002933165724
adult,n_estimators,12,12.0,0.8483333333333334,0.8307210031347962
adult,n_estimators,13,12.0,0.85,0.8291918980998121
adult,n_estimators,14,12.0,0.845,0.8328115216030056
adult,n_estimators,15,12.0,0.8458333333333333,0.8331595411887383
adult,n_estimators,16,12.0,0.8466666666666667,0.8327773144286906
adult,n_estimators,17,12.0,0.8483333333333334,0.8338198498748958
adult,n_estimators,18,12.0,0.8475,0.8334028356964137
adult,n_estimators,19,12.0,0.85,0.8330554397665694
adult,n_estimators,20,12.0,0.8466666666666667,0.8313880783659858
adult,n_estimators,21,12.0,0.8483333333333334,0.8330554397665694
adult,n_estimators,22,12.0,0.8483333333333334,0.8318049187161317
adult,n_estimators,23,12.0,0.85,0.8303813294436341
adult,n_estimators,24,12.0,0.8491666666666666,0.8347916666666667
adult,n_estimators,25,12.0,0.8458333333333333,0.835625
adult,n_estimators,26,12.0,0.8466666666666667,0.834375
adult,n_estimators,27,12.0,0.845,0.8322916666666667
adult,n_estimators,28,12.0,0.845,0.8333333333333334
adult,n_estimators,29,12.0,0.8441666666666666,0.8341666666666666
adult,n_estimators,30,12.0,0.8458333333333333,0.8341666666666666
adult,n_estimators,31,12.0,0.8475,0.83375
adult,n_estimators,32,12.0,0.8441666666666666,0.8347916666666667
adult,n_estimators,33,12.0,0.845,0.8352083333333333
adult,n_estimators,34,12.0,0.845,0.83625
adult,n_estimators,35,12.0,0.8441666666666666,0.83625
adult,n_estimators,36,12.0,0.845,0.8358333333333333
adult,n_estimators,37,12.0,0.8433333333333334,0.8360416666666667
adult,n_estimators,38,12.0,0.8425,0.8347916666666667
adult,n_estimators,39,12.0,0.8433333333333334,0.8333333333333334
adult,n_estimators,40,12.0,0.8433333333333334,0.8339583333333334
adult,n_estimators,41,12.0,0.8433333333333334,0.834375
adult,n_estimators,42,12.0,0.8425,0.8352083333333333
adult,n_estimators,43,12.0,0.8416666666666667,0.835
adult,n_estimators,44,12.0,0.8408333333333333,0.8352083333333333
adult,n_estimators,45,12.0,0.8416666666666667,0.835
adult,n_estimators,46,12.0,0.8416666666666667,0.8360416666666667
adult,n_estimators,47,12.0,0.8425,0.8377083333333334
adult,n_estimators,48,12.0,0.8425,0.83875
adult,n_estimators,49,12.0,0.8408333333333333,0.838125
adult,n_estimators,50,12.0,0.8416666666666667,0.836875
adult,n_estimators,51,12.0,0.8416666666666667,0.8370833333333333
adult,n_estimators,52,12.0,0.8416666666666667,0.836875
adult,n_estimators,53,12.0,0.8416666666666667,0.8377083333333334
adult,n_estimators,54,12.0,0.8441666666666666,0.83875
adult,n_estimators,55,12.0,0.8433333333333334,0.838125
adult,n_estimators,56,12.0,0.845,0.8395833333333333
adult,n_estimators,57,12.0,0.8441666666666666,0.839375
adult,n_estimators,58,12.0,0.8433333333333334,0.840625
adult,n_estimators,59,12.0,0.8425,0.840625
adult,n_estimators,60,12.0,0.845,0.8391666666666666
adult,n_estimators,61,12.0,0.845,0.839375
adult,n_estimators,62,12.0,0.8441666666666666,0.8395833333333333
adult,n_estimators,63,12.0,0.8441666666666666,0.840625
adult,n_estimators,64,12.0,0.8441666666666666,0.84
adult,n_estimators,65,12.0,0.845,0.8402083333333333
adult,n_estimators,66,12.0,0.845,0.8404166666666667
adult,n_estimators,67,12.0,0.8458333333333333,0.84
adult,n_estimators,68,12.0,0.8458333333333333,0.84
adult,n_estimators,69,12.0,0.8466666666666667,0.8404166666666667
adult,n_estimators,70,12.0,0.8466666666666667,0.8395833333333333
adult,n_estimators,71,12.0,0.8475,0.8397916666666667
adult,n_estimators,72,12.0,0.8466666666666667,0.8408333333333333
adult,n_estimators,73,12.0,0.8475,0.8410416666666667
adult,n_estimators,74,12.0,0.8475,0.8408333333333333
adult,n_estimators,75,12.0,0.8475,0.8408333333333333
adult,n_estimators,76,12.0,0.8475,0.8416666666666667
adult,n_estimators,77,12.0,0.8475,0.841875
adult,n_estimators,78,12.0,0.8491666666666666,0.84125
adult,n_estimators,79,12.0,0.8475,0.8416666666666667
adult,n_estimators,80,12.0,0.8483333333333334,0.840625
adult,n_estimators,81,12.0,0.8491666666666666,0.840625
adult,n_estimators,82,12.0,0.85,0.8404166666666667
adult,n_estimators,83,12.0,0.8466666666666667,0.8416666666666667
adult,n_estimators,84,12.0,0.8466666666666667,0.84125
adult,n_estimators,85,12.0,0.8475,0.8420833333333333
adult,n_estimators,86,12.0,0.8466666666666667,0.8416666666666667
adult,n_estimators,87,12.0,0.8466666666666667,0.8414583333333333
adult,n_estimators,88,12.0,0.8466666666666667,0.8414583333333333
adult,n_estimators,89,12.0,0.8458333333333333,0.840625
adult,n_estimators,90,12.0,0.8458333333333333,0.8402083333333333
adult,n_estimators,91,12.0,0.8466666666666667,0.84125
adult,n_estimators,92,12.0,0.8475,0.8404166666666667
adult,n_estimators,93,12.0,0.8475,0.840625
adult,n_estimators,94,12.0,0.845,0.84
adult,n_estimators,95,12.0,0.8458333333333333,0.840625
adult,n_estimators,96,12.0,0.8475,0.839375
adult,n_estimators,97,12.0,0.8475,0.8391666666666666
adult,n_estimators,98,12.0,0.845,0.8397916666666667
adult,n_estimators,99,12.0,0.8458333333333333,0.8397916666666667
adult,n_estimators,100,12.0,0.845,0.8402083333333333
adult,n_estimators,101,12.0,0.8466666666666667,0.8408333333333333
adult,n_estimators,102,12.0,0.8466666666666667,0.8404166666666667
adult,n_estimators,103,12.0,0.8466666666666667,0.8410416666666667
adult,n_estimators,104,12.0,0.8483333333333334,0.8404166666666667
adult,n_estimators,105,12.0,0.8475,0.8404166666666667
adult,n_estimators,106,12.0,0.8441666666666666,0.8404166666666667
adult,n_estimators,107,12.0,0.8458333333333333,0.8402083333333333
adult,n_estimators,108,12.0,0.8458333333333333,0.840625
adult,n_estimators,109,12.0,0.8458333333333333,0.840625
adult,n_estimators,110,12.0,0.8483333333333334,0.8408333333333333
adult,n_estimators,111,12.0,0.8466666666666667,0.8416666666666667
adult,n_estimators,112,12.0,0.845,0.8402083333333333
adult,n_estimators,113,12.0,0.845,0.8402083333333333
adult,n_estimators,114,12.0,0.845,0.8402083333333333
adult,n_estimators,115,12.0,0.845,0.84
adult,n_estimators,116,12.0,0.845,0.8404166666666667
adult,n_estimators,117,12.0,0.845,0.8404166666666667
adult,n_estimators,118,12.0,0.8458333333333333,0.8408333333333333
adult,n_estimators,119,12.0,0.8458333333333333,0.8408333333333333
adult,n_estimators,120,12.0,0.8458333333333333,0.840625
adult,n_estimators,121,12.0,0.845,0.8397916666666667
adult,n_estimators,122,12.0,0.845,0.8404166666666667
adult,n_estimators,123,12.0,0.8458333333333333,0.84
adult,n_estimators,124,12.0,0.8458333333333333,0.8397916666666667
adult,n_estimators,125,12.0,0.8458333333333333,0.8402083333333333
adult,n_estimators,126,12.0,0.8458333333333333,0.8397916666666667
adult,n_estimators,127,12.0,0.845,0.8395833333333333
adult,n_estimators,128,12.0,0.845,0.839375
adult,n_estimators,129,12.0,0.845,0.8395833333333333
adult,n_estimators,130,12.0,0.845,0.8391666666666666
adult,n_estimators,131,12.0,0.845,0.8395833333333333
adult,n_estimators,132,12.0,0.845,0.839375
adult,n_estimators,133,12.0,0.845,0.8395833333333333
adult,n_estimators,134,12.0,0.845,0.8397916666666667
adult,n_estimators,135,12.0,0.845,0.839375
adult,n_estimators,136,12.0,0.845,0.8397916666666667
adult,n_estimators,137,12.0,0.845,0.8397916666666667
adult,n_estimators,138,12.0,0.8441666666666666,0.8397916666666667
adult,n_estimators,139,12.0,0.8441666666666666,0.8404166666666667
adult,n_estimators,140,12.0,0.845,0.8397916666666667
adult,n_estimators,141,12.0,0.8441666666666666,0.8397916666666667
adult,n_estimators,142,12.0,0.8441666666666666,0.839375
adult,n_estimators,143,12.0,0.8441666666666666,0.84
adult,n_estimators,144,12.0,0.8433333333333334,0.840625
adult,n_estimators,145,12.0,0.8441666666666666,0.8408333333333333
adult,n_estimators,146,12.0,0.845,0.8402083333333333
adult,n_estimators,147,12.0,0.8441666666666666,0.8395833333333333
adult,n_estimators,148,12.0,0.845,0.84
adult,n_estimators,149,12.0,0.8441666666666666,0.8402083333333333
adult,n_estimators,150,12.0,0.8441666666666666,0.840625
adult,n_estimators,151,12.0,0.845,0.8402083333333333
adult,n_estimators,152,12.0,0.845,0.84
adult,n_estimators,153,12.0,0.845,0.8397916666666667
adult,n_estimators,154,12.0,0.8458333333333333,0.84
adult,n_estimators,155,12.0,0.8458333333333333,0.8402083333333333
adult,n_estimators,156,12.0,0.8458333333333333,0.8408333333333333
adult,n_estimators,157,12.0,0.8458333333333333,0.840625
adult,n_estimators,158,12.0,0.845,0.8402083333333333
adult,n_estimators,159,12.0,0.8458333333333333,0.840625
adult,n_estimators,160,12.0,0.845,0.8397916666666667
adult,n_estimators,161,12.0,0.8458333333333333,0.8402083333333333
adult,n_estimators,162,12.0,0.8466666666666667,0.8404166666666667
adult,n_estimators,163,12.0,0.8458333333333333,0.840625
adult,n_estimators,164,12.0,0.8458333333333333,0.8410416666666667
adult,n_estimators,165,12.0,0.8466666666666667,0.84125
adult,n_estimators,166,12.0,0.8458333333333333,0.8416666666666667
adult,n_estimators,167,12.0,0.8458333333333333,0.841875
adult,n_estimators,168,12.0,0.8466666666666667,0.8414583333333333
adult,n_estimators,169,12.0,0.8458333333333333,0.8416666666666667
adult,n_estimators,170,12.0,0.8458333333333333,0.8416666666666667
adult,n_estimators,171,12.0,0.8458333333333333,0.841875
adult,n_estimators,172,12.0,0.8458333333333333,0.8410416666666667
adult,n_estimators,173,12.0,0.8475,0.8410416666666667
adult,n_estimators,174,12.0,0.8475,0.8402083333333333
adult,n_estimators,175,12.0,0.8475,0.8404166666666667
adult,n_estimators,176,12.0,0.8466666666666667,0.8404166666666667
adult,n_estimators,177,12.0,0.8475,0.8402083333333333
adult,n_estimators,178,12.0,0.8483333333333334,0.8402083333333333
adult,n_estimators,179,12.0,0.8475,0.8404166666666667
adult,n_estimators,180,12.0,0.8483333333333334,0.8404166666666667
adult,n_estimators,181,12.0,0.8466666666666667,0.8404166666666667
adult,n_estimators,182,12.0,0.8466666666666667,0.840625
adult,n_estimators,183,12.0,0.8466666666666667,0.8402083333333333
adult,n_estimators,184,12.0,0.8466666666666667,0.8402083333333333
adult,n_estimators,185,12.0,0.8466666666666667,0.8404166666666667
adult,n_estimators,186,12.0,0.8466666666666667,0.840625
adult,n_estimators,187,12.0,0.8466666666666667,0.840625
adult,n_estimators,188,12.0,0.8466666666666667,0.8404166666666667
adult,n_estimators,189,12.0,0.8458333333333333,0.840625
adult,n_estimators,190,12.0,0.8458333333333333,0.8410416666666667
adult,n_estimators,191,12.0,0.8458333333333333,0.8410416666666667
adult,n_estimators,192,12.0,0.8458333333333333,0.8414583333333333
adult,n_estimators,193,12.0,0.8458333333333333,0.8410416666666667
adult,n_estimators,194,12.0,0.8466666666666667,0.8414583333333333
adult,n_estimators,195,12.0,0.8458333333333333,0.8416666666666667
adult,n_estimators,196,12.0,0.8458333333333333,0.841875
adult,n_estimators,197,12.0,0.8458333333333333,0.841875
adult,n_estimators,198,12.0,0.8458333333333333,0.8416666666666667
adult,n_estimators,199,12.0,0.8458333333333333,0.84125
adult,n_estimators,200,12.0,0.8458333333333333,0.8408333333333333
adult,max_depth,100,1.0,0.7525,
adult,max_depth,100,2.0,0.7608333333333334,
adult,max_depth,100,3.0,0.7966666666666666,
adult,max_depth,100,4.0,0.815,
adult,max_depth,100,5.0,0.8341666666666666,
adult,max_depth,100,6.0,0.8308333333333333,
adult,max_depth,100,7.0,0.8366666666666667,
adult,max_depth,100,8.0,0.8441666666666666,
adult,max_depth,100,9.0,0.8441666666666666,
adult,max_depth,100,10.0,0.845,
adult,max_depth,100,11.0,0.8433333333333334,
adult,max_depth,100,12.0,0.845,
adult,max_depth,100,13.0,0.8466666666666667,
adult,max_depth,100,14.0,0.845,
adult,max_depth,100,15.0,0.8516666666666667,
adult,max_depth,100,16.0,0.8475,
adult,max_depth,100,17.0,0.8475,
adult,max_depth,100,18.0,0.8508333333333333,
adult,max_depth,100,19.0,0.8508333333333333,
adult,max_depth,100,20.0,0.8533333333333334,
covertype,n_estimators,1,12.0,0.5141666666666667,0.4940374787052811
covertype,n_estimators,2,12.0,0.6083333333333333,0.5493103448275862
covertype,n_estimators,3,12.0,0.6408333333333334,0.5451773835920177
covertype,n_estimators,4,12.0,0.6608333333333334,0.5551161641127039
covertype,n_estimators,5,12.0,0.66,0.5465062471078205
covertype,n_estimators,6,12.0,0.675,0.5607912869526561
covertype,n_estimators,7,12.0,0.68,0.5670639219934994
covertype,n_estimators,8,12.0,0.6875,0.5653196493478726
covertype,n_estimators,9,12.0,0.71,0.579615140621696
covertype,n_estimators,10,12.0,0.7008333333333333,0.580441640378549
covertype,n_estimators,11,12.0,0.7033333333333334,0.5880997276346114
covertype,n_estimators,12,12.0,0.7108333333333333,0.5962382445141066
covertype,n_estimators,13,12.0,0.7075,0.603466276884527
covertype,n_estimators,14,12.0,0.7175,0.6071801294093091
covertype,n_estimators,15,12.0,0.7191666666666666,0.6106360792492179
covertype,n_estimators,16,12.0,0.725,0.6105087572977481
covertype,n_estimators,17,12.0,0.7333333333333333,0.609883236030025
covertype,n_estimators,18,12.0,0.73,0.6167639699749792
covertype,n_estimators,19,12.0,0.7375,0.6213005418924552
covertype,n_estimators,20,12.0,0.7333333333333333,0.6223426427678199
covertype,n_estimators,21,12.0,0.7333333333333333,0.626094205919133
covertype,n_estimators,22,12.0,0.7325,0.6265110462692789
covertype,n_estimators,23,12.0,0.7258333333333333,0.6249218587205668
covertype,n_estimators,24,12.0,0.7366666666666667,0.628125
covertype,n_estimators,25,12.0,0.7325,0.6295833333333334
covertype,n_estimators,26,12.0,0.7408333333333333,0.6316666666666667
covertype,n_estimators,27,12.0,0.7458333333333333,0.6360416666666666
covertype,n_estimators,28,12.0,0.74,0.6385416666666667
covertype,n_estimators,29,12.0,0.7408333333333333,0.6445833333333333
covertype,n_estimators,30,12.0,0.7408333333333333,0.6479166666666667
covertype,n_estimators,31,12.0,0.7416666666666667,0.6477083333333333
covertype,n_estimators,32,12.0,0.7441666666666666,0.6477083333333333
covertype,n_estimators,33,12.0,0.7483333333333333,0.6495833333333333
covertype,n_estimators,34,12.0,0.7441666666666666,0.6479166666666667
covertype,n_estimators,35,12.0,0.7425,0.644375
covertype,n_estimators,36,12.0,0.7441666666666666,0.6477083333333333
covertype,n_estimators,37,12.0,0.745,0.6472916666666667
covertype,n_estimators,38,12.0,0.7433333333333333,0.6504166666666666
covertype,n_estimators,39,12.0,0.7441666666666666,0.6539583333333333
covertype,n_estimators,40,12.0,0.7525,0.6547916666666667
covertype,n_estimators,41,12.0,0.7466666666666667,0.65875
covertype,n_estimators,42,12.0,0.7483333333333333,0.6595833333333333
covertype,n_estimators,43,12.0,0.7508333333333334,0.659375
covertype,n_estimators,44,12.0,0.75,0.6577083333333333
covertype,n_estimators,45,12.0,0.7491666666666666,0.6560416666666666
covertype,n_estimators,46,12.0,0.7491666666666666,0.6620833333333334
covertype,n_estimators,47,12.0,0.7458333333333333,0.660625
covertype,n_estimators,48,12.0,0.7508333333333334,0.65875
covertype,n_estimators,49,12.0,0.7483333333333333,0.6589583333333333
covertype,n_estimators,50,12.0,0.75,0.66
covertype,n_estimators,51,12.0,0.75,0.6620833333333334
covertype,n_estimators,52,12.0,0.75,0.6616666666666666
covertype,n_estimators,53,12.0,0.7541666666666667,0.663125
covertype,n_estimators,54,12.0,0.7541666666666667,0.6629166666666667
covertype,n_estimators,55,12.0,0.7541666666666667,0.664375
covertype,n_estimators,56,12.0,0.7533333333333333,0.665
covertype,n_estimators,57,12.0,0.7591666666666667,0.6652083333333333
covertype,n_estimators,58,12.0,0.7583333333333333,0.666875
covertype,n_estimators,59,12.0,0.7575,0.6675
covertype,n_estimators,60,12.0,0.7566666666666667,0.6691666666666667
covertype,n_estimators,61,12.0,0.7575,0.6691666666666667
covertype,n_estimators,62,12.0,0.755,0.6675
covertype,n_estimators,63,12.0,0.7575,0.6666666666666666
covertype,n_estimators,64,12.0,0.7533333333333333,0.6639583333333333
covertype,n_estimators,65,12.0,0.7566666666666667,0.665
covertype,n_estimators,66,12.0,0.7558333333333334,0.6666666666666666
covertype,n_estimators,67,12.0,0.7566666666666667,0.668125
covertype,n_estimators,68,12.0,0.7583333333333333,0.6660416666666666
covertype,n_estimators,69,12.0,0.755,0.6695833333333333
covertype,n_estimators,70,12.0,0.7583333333333333,0.670625
covertype,n_estimators,71,12.0,0.755,0.6710416666666666
covertype,n_estimators,72,12.0,0.7558333333333334,0.6729166666666667
covertype,n_estimators,73,12.0,0.755,0.6720833333333334
covertype,n_estimators,74,12.0,0.7575,0.6735416666666667
covertype,n_estimators,75,12.0,0.7616666666666667,0.671875
covertype,n_estimators,76,12.0,0.7575,0.670625
covertype,n_estimators,77,12.0,0.76,0.670625
covertype,n_estimators,78,12.0,0.76,0.67
covertype,n_estimators,79,12.0,0.76,0.6664583333333334
covertype,n_estimators,80,12.0,0.7575,0.66625
covertype,n_estimators,81,12.0,0.7608333333333334,0.6679166666666667
covertype,n_estimators,82,12.0,0.7608333333333334,0.67
covertype,n_estimators,83,12.0,0.7591666666666667,0.6702083333333333
covertype,n_estimators,84,12.0,0.7583333333333333,0.669375
covertype,n_estimators,85,12.0,0.7608333333333334,0.6683333333333333
covertype,n_estimators,86,12.0,0.76,0.6702083333333333
covertype,n_estimators,87,12.0,0.7591666666666667,0.671875
covertype,n_estimators,88,12.0,0.7575,0.6722916666666666
covertype,n_estimators,89,12.0,0.7583333333333333,0.6741666666666667
covertype,n_estimators,90,12.0,0.7583333333333333,0.676875
covertype,n_estimators,91,12.0,0.755,0.6777083333333334
covertype,n_estimators,92,12.0,0.7566666666666667,0.6791666666666667
covertype,n_estimators,93,12.0,0.7575,0.6785416666666667
covertype,n_estimators,94,12.0,0.7575,0.6764583333333334
covertype,n_estimators,95,12.0,0.7608333333333334,0.6777083333333334
covertype,n_estimators,96,12.0,0.765,0.6797916666666667
covertype,n_estimators,97,12.0,0.7625,0.6810416666666667
covertype,n_estimators,98,12.0,0.7608333333333334,0.6797916666666667
covertype,n_estimators,99,12.0,0.7616666666666667,0.6814583333333334
covertype,n_estimators,100,12.0,0.7616666666666667,0.6802083333333333
covertype,n_estimators,101,12.0,0.7616666666666667,0.6820833333333334
covertype,n_estimators,102,12.0,0.7616666666666667,0.6820833333333334
covertype,n_estimators,103,12.0,0.7633333333333333,0.6825
covertype,n_estimators,104,12.0,0.7625,0.6833333333333333
covertype,n_estimators,105,12.0,0.7608333333333334,0.685625
covertype,n_estimators,106,12.0,0.7633333333333333,0.685625
covertype,n_estimators,107,12.0,0.765,0.685
covertype,n_estimators,108,12.0,0.7641666666666667,0.6872916666666666
covertype,n_estimators,109,12.0,0.7675,0.689375
covertype,n_estimators,110,12.0,0.7658333333333334,0.6908333333333333
covertype,n_estimators,111,12.0,0.7641666666666667,0.6897916666666667
covertype,n_estimators,112,12.0,0.7641666666666667,0.69125
covertype,n_estimators,113,12.0,0.7633333333333333,0.6920833333333334
covertype,n_estimators,114,12.0,0.7633333333333333,0.691875
covertype,n_estimators,115,12.0,0.7591666666666667,0.69125
covertype,n_estimators,116,12.0,0.7608333333333334,0.6916666666666667
covertype,n_estimators,117,12.0,0.7625,0.6922916666666666
covertype,n_estimators,118,12.0,0.7625,0.690625
covertype,n_estimators,119,12.0,0.7641666666666667,0.6908333333333333
covertype,n_estimators,120,12.0,0.7608333333333334,0.689375
covertype,n_estimators,121,12.0,0.7616666666666667,0.69
covertype,n_estimators,122,12.0,0.76,0.6925
covertype,n_estimators,123,12.0,0.7616666666666667,0.6920833333333334
covertype,n_estimators,124,12.0,0.7625,0.6935416666666666
covertype,n_estimators,125,12.0,0.7633333333333333,0.693125
covertype,n_estimators,126,12.0,0.7641666666666667,0.6927083333333334
covertype,n_estimators,127,12.0,0.7641666666666667,0.6922916666666666
covertype,n_estimators,128,12.0,0.7633333333333333,0.6929166666666666
covertype,n_estimators,129,12.0,0.7641666666666667,0.6945833333333333
covertype,n_estimators,130,12.0,0.765,0.6945833333333333
covertype,n_estimators,131,12.0,0.7641666666666667,0.6947916666666667
covertype,n_estimators,132,12.0,0.765,0.6941666666666667
covertype,n_estimators,133,12.0,0.7616666666666667,0.6939583333333333
covertype,n_estimators,134,12.0,0.7616666666666667,0.6941666666666667
covertype,n_estimators,135,12.0,0.7625,0.6927083333333334
covertype,n_estimators,136,12.0,0.7633333333333333,0.6925
covertype,n_estimators,137,12.0,0.7625,0.6933333333333334
covertype,n_estimators,138,12.0,0.7608333333333334,0.6933333333333334
covertype,n_estimators,139,12.0,0.7641666666666667,0.693125
covertype,n_estimators,140,12.0,0.7625,0.69
covertype,n_estimators,141,12.0,0.7608333333333334,0.6902083333333333
covertype,n_estimators,142,12.0,0.76,0.68875
covertype,n_estimators,143,12.0,0.7583333333333333,0.6875
covertype,n_estimators,144,12.0,0.7633333333333333,0.6895833333333333
covertype,n_estimators,145,12.0,0.7641666666666667,0.6895833333333333
covertype,n_estimators,146,12.0,0.7633333333333333,0.689375
covertype,n_estimators,147,12.0,0.7633333333333333,0.6889583333333333
covertype,n_estimators,148,12.0,0.7616666666666667,0.6875
covertype,n_estimators,149,12.0,0.7633333333333333,0.6875
covertype,n_estimators,150,12.0,0.7625,0.689375
covertype,n_estimators,151,12.0,0.7616666666666667,0.69
covertype,n_estimators,152,12.0,0.7591666666666667,0.6883333333333334
covertype,n_estimators,153,12.0,0.7608333333333334,0.68875
covertype,n_estimators,154,12.0,0.7591666666666667,0.6897916666666667
covertype,n_estimators,155,12.0,0.7591666666666667,0.6908333333333333
covertype,n_estimators,156,12.0,0.76,0.693125
covertype,n_estimators,157,12.0,0.7591666666666667,0.6935416666666666
covertype,n_estimators,158,12.0,0.7591666666666667,0.6925
covertype,n_estimators,159,12.0,0.755,0.6929166666666666
covertype,n_estimators,160,12.0,0.7583333333333333,0.693125
covertype,n_estimators,161,12.0,0.7583333333333333,0.6933333333333334
covertype,n_estimators,162,12.0,0.7575,0.6920833333333334
covertype,n_estimators,163,12.0,0.7566666666666667,0.6927083333333334
covertype,n_estimators,164,12.0,0.7583333333333333,0.6922916666666666
covertype,n_estimators,165,12.0,0.7583333333333333,0.6914583333333333
covertype,n_estimators,166,12.0,0.76,0.6920833333333334
covertype,n_estimators,167,12.0,0.7625,0.691875
covertype,n_estimators,168,12.0,0.76,0.6922916666666666
covertype,n_estimators,169,12.0,0.7608333333333334,0.6920833333333334
covertype,n_estimators,170,12.0,0.7608333333333334,0.6920833333333334
covertype,n_estimators,171,12.0,0.7608333333333334,0.690625
covertype,n_estimators,172,12.0,0.76,0.6904166666666667
covertype,n_estimators,173,12.0,0.7591666666666667,0.6885416666666667
covertype,n_estimators,174,12.0,0.7583333333333333,0.6904166666666667
covertype,n_estimators,175,12.0,0.7591666666666667,0.69125
covertype,n_estimators,176,12.0,0.76,0.6916666666666667
covertype,n_estimators,177,12.0,0.7583333333333333,0.69125
covertype,n_estimators,178,12.0,0.7591666666666667,0.6904166666666667
covertype,n_estimators,179,12.0,0.7591666666666667,0.6914583333333333
covertype,n_estimators,180,12.0,0.7608333333333334,0.6914583333333333
covertype,n_estimators,181,12.0,0.7608333333333334,0.6908333333333333
covertype,n_estimators,182,12.0,0.7608333333333334,0.6910416666666667
covertype,n_estimators,183,12.0,0.7616666666666667,0.6897916666666667
covertype,n_estimators,184,12.0,0.7625,0.6891666666666667
covertype,n_estimators,185,12.0,0.7608333333333334,0.6902083333333333
covertype,n_estimators,186,12.0,0.7616666666666667,0.6904166666666667
covertype,n_estimators,187,12.0,0.7633333333333333,0.691875
covertype,n_estimators,188,12.0,0.7633333333333333,0.6922916666666666
covertype,n_estimators,189,12.0,0.76,0.690625
covertype,n_estimators,190,12.0,0.7616666666666667,0.693125
covertype,n_estimators,191,12.0,0.7625,0.6927083333333334
covertype,n_estimators,192,12.0,0.7616666666666667,0.691875
covertype,n_estimators,193,12.0,0.7616666666666667,0.6929166666666666
covertype,n_estimators,194,12.0,0.7616666666666667,0.69125
covertype,n_estimators,195,12.0,0.7608333333333334,0.6925
covertype,n_estimators,196,12.0,0.76,0.6922916666666666
covertype,n_estimators,197,12.0,0.7616666666666667,0.690625
covertype,n_estimators,198,12.0,0.7591666666666667,0.691875
covertype,n_estimators,199,12.0,0.76,0.693125
covertype,n_estimators,200,12.0,0.76,0.69375
covertype,max_depth,100,1.0,0.325,
covertype,max_depth,100,2.0,0.3908333333333333,
covertype,max_depth,100,3.0,0.4841666666666667,
covertype,max_depth,100,4.0,0.5066666666666667,
covertype,max_depth,100,5.0,0.5608333333333333,
covertype,max_depth,100,6.0,0.6075,
covertype,max_depth,100,7.0,0.6425,
covertype,max_depth,100,8.0,0.6666666666666666,
covertype,max_depth,100,9.0,0.7108333333333333,
covertype,max_depth,100,10.0,0.7166666666666667,
covertype,max_depth,100,11.0,0.7475,
covertype,max_depth,100,12.0,0.7616666666666667,
covertype,max_depth,100,13.0,0.7808333333333334,
covertype,max_depth,100,14.0,0.775,
covertype,max_depth,100,15.0,0.7925,
covertype,max_depth,100,16.0,0.7783333333333333,
covertype,max_depth,100,17.0,0.79,
covertype,max_depth,100,18.0,0.7841666666666667,
covertype,max_depth,100,19.0,0.7916666666666666,
covertype,max_depth,100,20.0,0.7925,
mnist_38,n_estimators,1,12.0,0.89,0.8847245883021011
mnist_38,n_estimators,2,12.0,0.8916666666666667,0.8986206896551724
mnist_38,n_estimators,3,12.0,0.9408333333333333,0.9029933481152993
mnist_38,n_estimators,4,12.0,0.9458333333333333,0.9085516559565002
mnist_38,n_estimators,5,12.0,0.96,0.912540490513651
mnist_38,n_estimators,6,12.0,0.965,0.9264280951322517
mnist_38,n_estimators,7,12.0,0.9725,0.9263271939328277
mnist_38,n_estimators,8,12.0,0.9733333333333334,0.9300833867864016
mnist_38,n_estimators,9,12.0,0.9708333333333333,0.9331782617889617
mnist_38,n_estimators,10,12.0,0.9716666666666667,0.9396424815983175
mnist_38,n_estimators,11,12.0,0.9708333333333333,0.9448983867588518
mnist_38,n_estimators,12,12.0,0.9666666666666667,0.9473354231974922
mnist_38,n_estimators,13,12.0,0.97,0.9498851534767174
mnist_38,n_estimators,14,12.0,0.9716666666666667,0.9513671467334586
mnist_38,n_estimators,15,12.0,0.975,0.9557872784150157
mnist_38,n_estimators,16,12.0,0.9766666666666667,0.9582985821517932
mnist_38,n_estimators,17,12.0,0.9783333333333334,0.9603836530442035
mnist_38,n_estimators,18,12.0,0.975,0.9624687239366139
mnist_38,n_estimators,19,12.0,0.9775,0.9633180491871614
mnist_38,n_estimators,20,12.0,0.975,0.9637348895373072
mnist_38,n_estimators,21,12.0,0.9775,0.9658190912880367
mnist_38,n_estimators,22,12.0,0.9775,0.9668611921634014
mnist_38,n_estimators,23,12.0,0.9791666666666666,0.9685351114815587
mnist_38,n_estimators,24,12.0,0.9766666666666667,0.9691666666666666
mnist_38,n_estimators,25,12.0,0.98,0.969375
mnist_38,n_estimators,26,12.0,0.98,0.9695833333333334
mnist_38,n_estimators,27,12.0,0.9791666666666666,0.9702083333333333
mnist_38,n_estimators,28,12.0,0.9791666666666666,0.9704166666666667
mnist_38,n_estimators,29,12.0,0.9791666666666666,0.9716666666666667
mnist_38,n_estimators,30,12.0,0.9808333333333333,0.9727083333333333
mnist_38,n_estimators,31,12.0,0.9808333333333333,0.9727083333333333
mnist_38,n_estimators,32,12.0,0.9783333333333334,0.9729166666666667
mnist_38,n_estimators,33,12.0,0.9808333333333333,0.9720833333333333
mnist_38,n_estimators,34,12.0,0.98,0.9725
mnist_38,n_estimators,35,12.0,0.98,0.9741666666666666
mnist_38,n_estimators,36,12.0,0.9816666666666667,0.975
mnist_38,n_estimators,37,12.0,0.9833333333333333,0.9752083333333333
mnist_38,n_estimators,38,12.0,0.9808333333333333,0.9752083333333333
mnist_38,n_estimators,39,12.0,0.9825,0.9760416666666667
mnist_38,n_estimators,40,12.0,0.9825,0.9758333333333333
mnist_38,n_estimators,41,12.0,0.9833333333333333,0.9770833333333333
mnist_38,n_estimators,42,12.0,0.9816666666666667,0.9779166666666667
mnist_38,n_estimators,43,12.0,0.9808333333333333,0.9777083333333333
mnist_38,n_estimators,44,12.0,0.9825,0.9772916666666667
mnist_38,n_estimators,45,12.0,0.9816666666666667,0.9770833333333333
mnist_38,n_estimators,46,12.0,0.9833333333333333,0.978125
mnist_38,n_estimators,47,12.0,0.9833333333333333,0.9789583333333334
mnist_38,n_estimators,48,12.0,0.9833333333333333,0.9797916666666666
mnist_38,n_estimators,49,12.0,0.9825,0.9802083333333333
mnist_38,n_estimators,50,12.0,0.9808333333333333,0.9804166666666667
mnist_38,n_estimators,51,12.0,0.9816666666666667,0.98
mnist_38,n_estimators,52,12.0,0.9825,0.9804166666666667
mnist_38,n_estimators,53,12.0,0.9816666666666667,0.9795833333333334
mnist_38,n_estimators,54,12.0,0.9816666666666667,0.9789583333333334
mnist_38,n_estimators,55,12.0,0.9825,0.9783333333333334
mnist_38,n_estimators,56,12.0,0.9825,0.97875
mnist_38,n_estimators,57,12.0,0.9816666666666667,0.9789583333333334
mnist_38,n_estimators,58,12.0,0.9816666666666667,0.979375
mnist_38,n_estimators,59,12.0,0.9808333333333333,0.9795833333333334
mnist_38,n_estimators,60,12.0,0.98,0.97875
mnist_38,n_estimators,61,12.0,0.98,0.9783333333333334
mnist_38,n_estimators,62,12.0,0.9808333333333333,0.9791666666666666
mnist_38,n_estimators,63,12.0,0.98,0.9795833333333334
mnist_38,n_estimators,64,12.0,0.9816666666666667,0.9791666666666666
mnist_38,n_estimators,65,12.0,0.9808333333333333,0.9789583333333334
mnist_38,n_estimators,66,12.0,0.9816666666666667,0.9797916666666666
mnist_38,n_estimators,67,12.0,0.98,0.97875
mnist_38,n_estimators,68,12.0,0.9825,0.9789583333333334
mnist_38,n_estimators,69,12.0,0.9833333333333333,0.979375
mnist_38,n_estimators,70,12.0,0.9825,0.979375
mnist_38,n_estimators,71,12.0,0.9825,0.98
mnist_38,n_estimators,72,12.0,0.9816666666666667,0.98
mnist_38,n_estimators,73,12.0,0.9808333333333333,0.98
mnist_38,n_estimators,74,12.0,0.9808333333333333,0.9802083333333333
mnist_38,n_estimators,75,12.0,0.9808333333333333,0.9802083333333333
mnist_38,n_estimators,76,12.0,0.9816666666666667,0.9804166666666667
mnist_38,n_estimators,77,12.0,0.9816666666666667,0.9795833333333334
mnist_38,n_estimators,78,12.0,0.9825,0.9797916666666666
mnist_38,n_estimators,79,12.0,0.9816666666666667,0.980625
mnist_38,n_estimators,80,12.0,0.9825,0.98
mnist_38,n_estimators,81,12.0,0.9841666666666666,0.9808333333333333
mnist_38,n_estimators,82,12.0,0.9833333333333333,0.98125
mnist_38,n_estimators,83,12.0,0.9841666666666666,0.9808333333333333
mnist_38,n_estimators,84,12.0,0.985,0.9816666666666667
mnist_38,n_estimators,85,12.0,0.985,0.980625
mnist_38,n_estimators,86,12.0,0.985,0.9804166666666667
mnist_38,n_estimators,87,12.0,0.985,0.9820833333333333
mnist_38,n_estimators,88,12.0,0.9833333333333333,0.9822916666666667
mnist_38,n_estimators,89,12.0,0.9841666666666666,0.9822916666666667
mnist_38,n_estimators,90,12.0,0.9841666666666666,0.981875
mnist_38,n_estimators,91,12.0,0.9841666666666666,0.9822916666666667
mnist_38,n_estimators,92,12.0,0.985,0.9827083333333333
mnist_38,n_estimators,93,12.0,0.9841666666666666,0.9827083333333333
mnist_38,n_estimators,94,12.0,0.985,0.9825
mnist_38,n_estimators,95,12.0,0.9833333333333333,0.9822916666666667
mnist_38,n_estimators,96,12.0,0.9841666666666666,0.9816666666666667
mnist_38,n_estimators,97,12.0,0.9841666666666666,0.9814583333333333
mnist_38,n_estimators,98,12.0,0.9841666666666666,0.981875
mnist_38,n_estimators,99,12.0,0.9833333333333333,0.981875
mnist_38,n_estimators,100,12.0,0.985,0.9822916666666667
mnist_38,n_estimators,101,12.0,0.9841666666666666,0.9825
mnist_38,n_estimators,102,12.0,0.9841666666666666,0.9820833333333333
mnist_38,n_estimators,103,12.0,0.9841666666666666,0.9820833333333333
mnist_38,n_estimators,104,12.0,0.9841666666666666,0.9814583333333333
mnist_38,n_estimators,105,12.0,0.985,0.98125
mnist_38,n_estimators,106,12.0,0.9858333333333333,0.9820833333333333
mnist_38,n_estimators,107,12.0,0.985,0.9820833333333333
mnist_38,n_estimators,108,12.0,0.9858333333333333,0.9825
mnist_38,n_estimators,109,12.0,0.9858333333333333,0.9827083333333333
mnist_38,n_estimators,110,12.0,0.9858333333333333,0.9829166666666667
mnist_38,n_estimators,111,12.0,0.985,0.9833333333333333
mnist_38,n_estimators,112,12.0,0.985,0.9829166666666667
mnist_38,n_estimators,113,12.0,0.985,0.9829166666666667
mnist_38,n_estimators,114,12.0,0.9841666666666666,0.9829166666666667
mnist_38,n_estimators,115,12.0,0.9841666666666666,0.9833333333333333
mnist_38,n_estimators,116,12.0,0.9833333333333333,0.9829166666666667
mnist_38,n_estimators,117,12.0,0.9841666666666666,0.9827083333333333
mnist_38,n_estimators,118,12.0,0.9858333333333333,0.9827083333333333
mnist_38,n_estimators,119,12.0,0.9858333333333333,0.983125
mnist_38,n_estimators,120,12.0,0.9858333333333333,0.9829166666666667
mnist_38,n_estimators,121,12.0,0.9858333333333333,0.983125
mnist_38,n_estimators,122,12.0,0.9858333333333333,0.9833333333333333
mnist_38,n_estimators,123,12.0,0.985,0.983125
mnist_38,n_estimators,124,12.0,0.985,0.9827083333333333
mnist_38,n_estimators,125,12.0,0.9858333333333333,0.9825
mnist_38,n_estimators,126,12.0,0.9858333333333333,0.9829166666666667
mnist_38,n_estimators,127,12.0,0.9858333333333333,0.9825
mnist_38,n_estimators,128,12.0,0.9858333333333333,0.9822916666666667
mnist_38,n_estimators,129,12.0,0.9858333333333333,0.9827083333333333
mnist_38,n_estimators,130,12.0,0.9858333333333333,0.9829166666666667
mnist_38,n_estimators,131,12.0,0.985,0.9822916666666667
mnist_38,n_estimators,132,12.0,0.9858333333333333,0.9816666666666667
mnist_38,n_estimators,133,12.0,0.9858333333333333,0.9814583333333333
mnist_38,n_estimators,134,12.0,0.9858333333333333,0.9816666666666667
mnist_38,n_estimators,135,12.0,0.9858333333333333,0.9814583333333333
mnist_38,n_estimators,136,12.0,0.9858333333333333,0.981875
mnist_38,n_estimators,137,12.0,0.9858333333333333,0.9825
mnist_38,n_estimators,138,12.0,0.9858333333333333,0.9827083333333333
mnist_38,n_estimators,139,12.0,0.985,0.9827083333333333
mnist_38,n_estimators,140,12.0,0.985,0.9827083333333333
mnist_38,n_estimators,141,12.0,0.9841666666666666,0.9825
mnist_38,n_estimators,142,12.0,0.985,0.9822916666666667
mnist_38,n_estimators,143,12.0,0.9841666666666666,0.9822916666666667
mnist_38,n_estimators,144,12.0,0.985,0.9822916666666667
mnist_38,n_estimators,145,12.0,0.985,0.9825
mnist_38,n_estimators,146,12.0,0.9841666666666666,0.983125
mnist_38,n_estimators,147,12.0,0.985,0.9833333333333333
mnist_38,n_estimators,148,12.0,0.985,0.9835416666666666
mnist_38,n_estimators,149,12.0,0.985,0.9839583333333334
mnist_38,n_estimators,150,12.0,0.9841666666666666,0.98375
mnist_38,n_estimators,151,12.0,0.985,0.9833333333333333
mnist_38,n_estimators,152,12.0,0.985,0.9833333333333333
mnist_38,n_estimators,153,12.0,0.985,0.9835416666666666
mnist_38,n_estimators,154,12.0,0.9841666666666666,0.9833333333333333
mnist_38,n_estimators,155,12.0,0.9841666666666666,0.9833333333333333
mnist_38,n_estimators,156,12.0,0.985,0.9835416666666666
mnist_38,n_estimators,157,12.0,0.9858333333333333,0.9833333333333333
mnist_38,n_estimators,158,12.0,0.9858333333333333,0.9833333333333333
mnist_38,n_estimators,159,12.0,0.985,0.9833333333333333
mnist_38,n_estimators,160,12.0,0.9858333333333333,0.9835416666666666
mnist_38,n_estimators,161,12.0,0.985,0.9835416666666666
mnist_38,n_estimators,162,12.0,0.9858333333333333,0.9835416666666666
mnist_38,n_estimators,163,12.0,0.985,0.98375
mnist_38,n_estimators,164,12.0,0.9858333333333333,0.9841666666666666
mnist_38,n_estimators,165,12.0,0.985,0.9841666666666666
mnist_38,n_estimators,166,12.0,0.985,0.9841666666666666
mnist_38,n_estimators,167,12.0,0.985,0.9839583333333334
mnist_38,n_estimators,168,12.0,0.985,0.98375
mnist_38,n_estimators,169,12.0,0.985,0.984375
mnist_38,n_estimators,170,12.0,0.985,0.9845833333333334
mnist_38,n_estimators,171,12.0,0.985,0.984375
mnist_38,n_estimators,172,12.0,0.985,0.984375
mnist_38,n_estimators,173,12.0,0.9841666666666666,0.9847916666666666
mnist_38,n_estimators,174,12.0,0.9841666666666666,0.9841666666666666
mnist_38,n_estimators,175,12.0,0.985,0.9841666666666666
mnist_38,n_estimators,176,12.0,0.9841666666666666,0.9839583333333334
mnist_38,n_estimators,177,12.0,0.9841666666666666,0.9841666666666666
mnist_38,n_estimators,178,12.0,0.985,0.9847916666666666
mnist_38,n_estimators,179,12.0,0.9841666666666666,0.9847916666666666
mnist_38,n_estimators,180,12.0,0.9841666666666666,0.9845833333333334
mnist_38,n_estimators,181,12.0,0.9841666666666666,0.9845833333333334
mnist_38,n_estimators,182,12.0,0.9841666666666666,0.9841666666666666
mnist_38,n_estimators,183,12.0,0.9841666666666666,0.9839583333333334
mnist_38,n_estimators,184,12.0,0.9841666666666666,0.9839583333333334
mnist_38,n_estimators,185,12.0,0.9841666666666666,0.98375
mnist_38,n_estimators,186,12.0,0.9833333333333333,0.98375
mnist_38,n_estimators,187,12.0,0.985,0.98375
mnist_38,n_estimators,188,12.0,0.985,0.9841666666666666
mnist_38,n_estimators,189,12.0,0.985,0.98375
mnist_38,n_estimators,190,12.0,0.985,0.9835416666666666
mnist_38,n_estimators,191,12.0,0.985,0.98375
mnist_38,n_estimators,192,12.0,0.9841666666666666,0.9835416666666666
mnist_38,n_estimators,193,12.0,0.9841666666666666,0.9833333333333333
mnist_38,n_estimators,194,12.0,0.9841666666666666,0.983125
mnist_38,n_estimators,195,12.0,0.9841666666666666,0.9833333333333333
mnist_38,n_estimators,196,12.0,0.9841666666666666,0.9835416666666666
mnist_38,n_estimators,197,12.0,0.9841666666666666,0.9841666666666666
mnist_38,n_estimators,198,12.0,0.9841666666666666,0.98375
mnist_38,n_estimators,199,12.0,0.9841666666666666,0.9841666666666666
mnist_38,n_estimators,200,12.0,0.985,0.9841666666666666
mnist_38,max_depth,100,1.0,0.9075,
mnist_38,max_depth,100,2.0,0.9258333333333333,
mnist_38,max_depth,100,3.0,0.9341666666666667,
mnist_38,max_depth,100,4.0,0.9575,
mnist_38,max_depth,100,5.0,0.9658333333333333,
mnist_38,max_depth,100,6.0,0.97,
mnist_38,max_depth,100,7.0,0.9733333333333334,
mnist_38,max_depth,100,8.0,0.9766666666666667,
mnist_38,max_depth,100,9.0,0.9816666666666667,
mnist_38,max_depth,100,10.0,0.9825,
mnist_38,max_depth,100,11.0,0.9816666666666667,
mnist_38,max_depth,100,12.0,0.985,
mnist_38,max_depth,100,13.0,0.9858333333333333,
mnist_38,max_depth,100,14.0,0.985,
mnist_38,max_depth,100,15.0,0.9841666666666666,
mnist_38,max_depth,100,16.0,0.9858333333333333,
mnist_38,max_depth,100,17.0,0.9858333333333333,
mnist_38,max_depth,100,18.0,0.9866666666666667,
mnist_38,max_depth,100,19.0,0.9866666666666667,
mnist_38,max_depth,100,20.0,0.9866666666666667,
